<?xml version="1.0" encoding="UTF-8"?>
<body>
	<header>
		<lastUpdateDate>
			2019/05/20 00:00:00
		</lastUpdateDate>
		<fileVer>
			001_006_00000
		</fileVer>
	</header>

	<data>
		<indexList>
			<index id="0x0001">
				<name> 
					<en-gb>SYS</en-gb>
					<zh-cn>高压</zh-cn>
					<zh-tw>收縮壓</zh-tw>
					<de-def><![CDATA[SYS]]></de-def>
					<fr-def><![CDATA[SYS]]></fr-def>
					<it-def><![CDATA[SIS]]></it-def>
					<es-def><![CDATA[SIS]]></es-def>
					<ja-def>最高血圧</ja-def>
				</name>
				<panel>Yes</panel>
			</index>
			<index id="0x0002">
				<name>
					<en-gb>DIA</en-gb>
					<zh-cn>低压</zh-cn>
					<zh-tw>舒張壓</zh-tw>
					<de-def><![CDATA[DIA]]></de-def>
					<fr-def><![CDATA[DIA]]></fr-def>
					<it-def><![CDATA[DIA]]></it-def>
					<es-def><![CDATA[DIA]]></es-def>
					<ja-def>最低血圧</ja-def>
				</name>
				<panel>Yes</panel>
			</index>
			<index id="0x0003">
				<name>
					<en-gb>Pulse</en-gb>
					<zh-cn>脉搏</zh-cn>
					<zh-tw>脈搏</zh-tw>
					<de-def><![CDATA[Puls]]></de-def>
					<fr-def><![CDATA[Pouls]]></fr-def>
					<it-def><![CDATA[Pulsazioni]]></it-def>
					<es-def><![CDATA[Pulso]]></es-def>
					<ja-def>脈拍</ja-def>
				</name>
				<panel>Yes</panel>
			</index>
			<index id="0x0004">
				<name>
					<en-gb>姿勢</en-gb>
					<zh-cn>姿勢</zh-cn>
					<zh-tw>姿勢</zh-tw>
					<de-def><![CDATA[姿勢]]></de-def>
					<fr-def><![CDATA[姿勢]]></fr-def>
					<it-def><![CDATA[姿勢]]></it-def>
					<es-def><![CDATA[姿勢]]></es-def>
					<ja-def>姿勢</ja-def>
				</name>
				<panel>Yes</panel>
			</index>
			<index id="0x0005">
				<name>
					<en-gb>室温</en-gb>
					<zh-cn>室温</zh-cn>
					<zh-tw>室温</zh-tw>
					<de-def><![CDATA[室温]]></de-def>
					<fr-def><![CDATA[室温]]></fr-def>
					<it-def><![CDATA[室温]]></it-def>
					<es-def><![CDATA[室温]]></es-def>
					<ja-def>室温</ja-def>
				</name>
				<panel>Yes</panel>
			</index>
			<index id="0x0006">
				<name>
					<en-gb>Irregular heartbeat</en-gb>
					<zh-cn>不规则脉波</zh-cn>
					<zh-tw>不規律脈波檢測</zh-tw>
					<de-def><![CDATA[Unregelmäßiger Herzschlag]]></de-def>
					<fr-def><![CDATA[Pulsations cardiaques irrégulières]]></fr-def>
					<it-def><![CDATA[Battito cardiaco irregolare]]></it-def>
					<es-def><![CDATA[Latido arrítmico]]></es-def>
					<ja-def>不規則脈波検出</ja-def>
				</name>
				<panel>No</panel>
			</index>
			<index id="0x0007">
				<name>
					<en-gb>Movement error</en-gb>
					<zh-cn>误动作提示</zh-cn>
					<zh-tw>身體晃動檢測</zh-tw>
					<de-def><![CDATA[Bewegungsfehler]]></de-def>
					<fr-def><![CDATA[Erreur de mouvement]]></fr-def>
					<it-def><![CDATA[Errore da movimento]]></it-def>
					<es-def><![CDATA[Error de movimiento]]></es-def>
					<ja-def>体動検出</ja-def>
				</name>
				<panel>No</panel>
			</index>
			<index id="0x0008">
				<name>
					<en-gb>Cuff wrap guide</en-gb>
					<zh-cn>袖带佩戴自检</zh-cn>
					<zh-tw>壓脈帶緊度檢查</zh-tw>
					<de-def><![CDATA[Anleitung zum korrekten Anlegen der Manschette]]></de-def>
					<fr-def><![CDATA[Guide de serrage du brassard]]></fr-def>
					<it-def><![CDATA[Sensore posizionamento bracciale]]></it-def>
					<es-def><![CDATA[Guía de colocación del manguito]]></es-def>
					<ja-def>ぴったり巻き</ja-def>
				</name>
				<panel>No</panel>
			</index>
			<index id="0x000A">
				<name>
					<en-gb>連続測定回数</en-gb>
					<zh-cn>連続測定回数</zh-cn>
					<zh-tw>連続測定回数</zh-tw>
					<de-def><![CDATA[連続測定回数]]></de-def>
					<fr-def><![CDATA[連続測定回数]]></fr-def>
					<it-def><![CDATA[連続測定回数]]></it-def>
					<es-def><![CDATA[連続測定回数]]></es-def>
					<ja-def>連続測定回数</ja-def>
				</name>
				<panel>No</panel>
			</index>
			<index id="0x000B">
				<name>
					<en-gb>アーチファクト検出回数</en-gb>
					<zh-cn>アーチファクト検出回数</zh-cn>
					<zh-tw>アーチファクト検出回数</zh-tw>
					<de-def><![CDATA[アーチファクト検出回数]]></de-def>
					<fr-def><![CDATA[アーチファクト検出回数]]></fr-def>
					<it-def><![CDATA[アーチファクト検出回数]]></it-def>
					<es-def><![CDATA[アーチファクト検出回数]]></es-def>
					<ja-def>アーチファクト検出回数</ja-def>
				</name>
				<panel>No</panel>
			</index>
			<index id="0x000C">
				<name>
					<en-gb>不規則脈波検出回数</en-gb>
					<zh-cn>不規則脈波検出回数</zh-cn>
					<zh-tw>不規則脈波検出回数</zh-tw>
					<de-def><![CDATA[不規則脈波検出回数]]></de-def>
					<fr-def><![CDATA[不規則脈波検出回数]]></fr-def>
					<it-def><![CDATA[不規則脈波検出回数]]></it-def>
					<es-def><![CDATA[不規則脈波検出回数]]></es-def>
					<ja-def>不規則脈波検出回数</ja-def>
				</name>
				<panel>No</panel>
			</index>
			<index id="0x000D">
				<name>
					<en-gb>Irregular heartbeat</en-gb>
					<zh-cn>不规则脉波</zh-cn>
					<zh-tw>不規律脈波檢測</zh-tw>
					<de-def><![CDATA[Unregelmäßiger Herzschlag]]></de-def>
					<fr-def><![CDATA[Pulsations cardiaques irrégulières]]></fr-def>
					<it-def><![CDATA[Battito cardiaco irregolare]]></it-def>
					<es-def><![CDATA[Latido arrítmico]]></es-def>
					<ja-def>不規則脈波検出</ja-def>
				</name>
				<panel>No</panel>
			</index>
			<index id="0x000E">
				<name>
					<en-gb>Movement error</en-gb>
					<zh-cn>误动作提示</zh-cn>
					<zh-tw>身體晃動檢測</zh-tw>
					<de-def><![CDATA[Bewegungsfehler]]></de-def>
					<fr-def><![CDATA[Erreur de mouvement]]></fr-def>
					<it-def><![CDATA[Errore da movimento]]></it-def>
					<es-def><![CDATA[Error de movimiento]]></es-def>
					<ja-def>体動検出</ja-def>
				</name>
				<panel>No</panel>
			</index>
			<index id="0x000F">
				<name>
					<en-gb>Cuff wrap guide</en-gb>
					<zh-cn>袖带佩戴自检</zh-cn>
					<zh-tw>壓脈帶緊度檢查</zh-tw>
					<de-def><![CDATA[Anleitung zum korrekten Anlegen der Manschette]]></de-def>
					<fr-def><![CDATA[Guide de serrage du brassard]]></fr-def>
					<it-def><![CDATA[Sensore posizionamento bracciale]]></it-def>
					<es-def><![CDATA[Guía de colocación del manguito]]></es-def>
					<ja-def>ぴったり巻き</ja-def>
				</name>
				<panel>No</panel>
			</index>
			<index id="0x0010">
				<name>
					<en-gb>Mean Arterial Pressure</en-gb>
					<zh-cn>Mean Arterial Pressure</zh-cn>
					<zh-tw>Mean Arterial Pressure</zh-tw>
					<de-def><![CDATA[Mean Arterial Pressure]]></de-def>
					<fr-def><![CDATA[Mean Arterial Pressure]]></fr-def>
					<it-def><![CDATA[Mean Arterial Pressure]]></it-def>
					<es-def><![CDATA[Mean Arterial Pressure]]></es-def>
					<ja-def>Mean Arterial Pressure</ja-def>
				</name>
				<panel>No</panel>
			</index>
			<index id="0x0011">
				<name>
					<en-gb>Pulse Rate Range Detection Flag</en-gb>
					<zh-cn>Pulse Rate Range Detection Flag</zh-cn>
					<zh-tw>Pulse Rate Range Detection Flag</zh-tw>
					<de-def><![CDATA[Pulse Rate Range Detection Flag]]></de-def>
					<fr-def><![CDATA[Pulse Rate Range Detection Flag]]></fr-def>
					<it-def><![CDATA[Pulse Rate Range Detection Flag]]></it-def>
					<es-def><![CDATA[Pulse Rate Range Detection Flag]]></es-def>
					<ja-def>Pulse Rate Range Detection Flag</ja-def>
				</name>
				<panel>No</panel>
			</index>
			<index id="0x0012">
				<name>
					<en-gb>Measurement Positon Detection Flag</en-gb>
					<zh-cn>Measurement Positon Detection Flag</zh-cn>
					<zh-tw>Measurement Positon Detection Flag</zh-tw>
					<de-def><![CDATA[Measurement Positon Detection Flag]]></de-def>
					<fr-def><![CDATA[Measurement Positon Detection Flag]]></fr-def>
					<it-def><![CDATA[Measurement Positon Detection Flag]]></it-def>
					<es-def><![CDATA[Measurement Positon Detection Flag]]></es-def>
					<ja-def>Measurement Positon Detection Flag</ja-def>
				</name>
				<panel>No</panel>
			</index>
			<index id="0x0014">
				<name>
					<en-gb>測定姿勢ガイド</en-gb>
					<zh-cn>測定姿勢ガイド</zh-cn>
					<zh-tw>測定姿勢ガイド</zh-tw>
					<de-def><![CDATA[測定姿勢ガイド]]></de-def>
					<fr-def><![CDATA[測定姿勢ガイド]]></fr-def>
					<it-def><![CDATA[測定姿勢ガイド]]></it-def>
					<es-def><![CDATA[測定姿勢ガイド]]></es-def>
					<ja-def>測定姿勢ガイド</ja-def>
				</name>
				<panel>No</panel>
			</index>
			<index id="0x0015">
				<name>
					<en-gb>機器内部温度</en-gb>
					<zh-cn>機器内部温度</zh-cn>
					<zh-tw>機器内部温度</zh-tw>
					<de-def><![CDATA[機器内部温度]]></de-def>
					<fr-def><![CDATA[機器内部温度]]></fr-def>
					<it-def><![CDATA[機器内部温度]]></it-def>
					<es-def><![CDATA[機器内部温度]]></es-def>
					<ja-def>機器内部温度</ja-def>
				</name>
				<panel>No</panel>
			</index>
			<index id="0x0101">
				<name>
					<en-gb>Weight</en-gb>
					<zh-cn>体重</zh-cn>
					<zh-tw>體重</zh-tw>
					<de-def><![CDATA[Gewicht]]></de-def>
					<fr-def><![CDATA[Poids]]></fr-def>
					<it-def><![CDATA[Peso]]></it-def>
					<es-def><![CDATA[Peso]]></es-def>
					<ja-def>体重</ja-def>
				</name>
				<panel>Yes</panel>
			</index>
			<index id="0x0102">
				<name>
					<en-gb>Body Fat Level Classification</en-gb>
					<zh-cn>身体脂肪率</zh-cn>
					<zh-tw>體脂肪率判定</zh-tw>
					<de-def><![CDATA[Körperfettanteil – Klassifizierung]]></de-def>
					<fr-def><![CDATA[Classification des niveaux de masse grasse]]></fr-def>
					<it-def><![CDATA[Classificazione dei livelli di grasso corporeo]]></it-def>
					<es-def><![CDATA[Clasificación del nivel de grasa corporal]]></es-def>
					<ja-def>体脂肪レベル判定</ja-def>
				</name>
				<panel>No</panel>
			</index>
			<index id="0x0103">
				<name>
					<en-gb>Body Fat</en-gb>
					<zh-cn>身体脂肪率</zh-cn>
					<zh-tw>體脂肪率</zh-tw>
					<de-def><![CDATA[Körperfett]]></de-def>
					<fr-def><![CDATA[Masse grasse]]></fr-def>
					<it-def><![CDATA[Grasso corporeo]]></it-def>
					<es-def><![CDATA[Grasa corporal]]></es-def>
					<ja-def>体脂肪率</ja-def>
				</name>
				<panel>Yes</panel>
			</index>
			<index id="0x0104">
				<name>
					<en-gb>Resting Metabolism</en-gb>
					<zh-cn>基础代谢</zh-cn>
					<zh-tw>基礎代謝</zh-tw>
					<de-def><![CDATA[Ruhemetabolismus]]></de-def>
					<fr-def><![CDATA[Métabolisme de repos]]></fr-def>
					<it-def><![CDATA[Metabolismo a riposo]]></it-def>
					<es-def><![CDATA[Metabolismo en reposo]]></es-def>
					<ja-def>基礎代謝</ja-def>
				</name>
				<panel>Yes</panel>
			</index>
			<index id="0x0105">
				<name>
					<en-gb>Skeletal Muscle</en-gb>
					<zh-cn>肌肉率</zh-cn>
					<zh-tw>骨骼肌率</zh-tw>
					<de-def><![CDATA[Skelettmuskel]]></de-def>
					<fr-def><![CDATA[Muscle squelettique]]></fr-def>
					<it-def><![CDATA[Muscolatura scheletrica]]></it-def>
					<es-def><![CDATA[Músculo esquelético]]></es-def>
					<ja-def>骨格筋率</ja-def>
				</name>
				<panel>Yes</panel>
			</index>
			<index id="0x0106">
				<name>
					<en-gb>BMI</en-gb>
					<zh-cn>BMI</zh-cn>
					<zh-tw>BMI</zh-tw>
					<de-def><![CDATA[BMI]]></de-def>
					<fr-def><![CDATA[IMC]]></fr-def>
					<it-def><![CDATA[BMI]]></it-def>
					<es-def><![CDATA[IMC]]></es-def>
					<ja-def>BMI</ja-def>
				</name>
				<panel>Yes</panel>
			</index>
			<index id="0x0107">
				<name>
					<en-gb>Body Age</en-gb>
					<zh-cn>身体年龄</zh-cn>
					<zh-tw>身體年齡</zh-tw>
					<de-def><![CDATA[Biologisches Alter]]></de-def>
					<fr-def><![CDATA[Âge du corps]]></fr-def>
					<it-def><![CDATA[Età corporea]]></it-def>
					<es-def><![CDATA[Edad corporal]]></es-def>
					<ja-def>体年齢</ja-def>
				</name>
				<panel>No</panel>
			</index>
			<index id="0x0108">
				<name>
					<en-gb>Visceral Fat</en-gb>
					<zh-cn>内脏脂肪指数</zh-cn>
					<zh-tw>內臟脂肪程度</zh-tw>
					<de-def><![CDATA[Viszerales Fett]]></de-def>
					<fr-def><![CDATA[Graisse viscérale]]></fr-def>
					<it-def><![CDATA[Grasso viscerale]]></it-def>
					<es-def><![CDATA[Grasa visceral]]></es-def>
					<ja-def>内臓脂肪レベル</ja-def>
				</name>
				<panel>Yes</panel>
			</index>
			<index id="0x0109">
				<name>
					<en-gb>Visceral Fat Level Classification</en-gb>
					<zh-cn>内脏脂肪指数判定</zh-cn>
					<zh-tw>內臟脂肪基準判定</zh-tw>
					<de-def><![CDATA[Viszeralfettanteil – Klassifizierung]]></de-def>
					<fr-def><![CDATA[Classification des taux de graisse viscérale]]></fr-def>
					<it-def><![CDATA[Classificazione dei livelli di grasso viscerale]]></it-def>
					<es-def><![CDATA[Clasificación del nivel de grasa visceral]]></es-def>
					<ja-def>内臓脂肪レベル判定</ja-def>
				</name>
				<panel>No</panel>
			</index>
			<index id="0x010A">
				<name>
					<en-gb>Skeletal Muscle Level Classification</en-gb>
					<zh-cn>肌肉率水平判定</zh-cn>
					<zh-tw>骨骼肌率判定</zh-tw>
					<de-def><![CDATA[Skelettmuskelanteil – Klassifizierung]]></de-def>
					<fr-def><![CDATA[Classification des taux de muscle squelettique]]></fr-def>
					<it-def><![CDATA[Classificazione dei livelli dei muscoli scheletrici]]></it-def>
					<es-def><![CDATA[Clasificación del nivel de músculo esquelético]]></es-def>
					<ja-def>骨格筋率レベル判定</ja-def>
				</name>
				<panel>No</panel>
			</index>
			<index id="0x010B">
				<name>
					<en-gb>Impedance</en-gb>
					<zh-cn>人体阻抗</zh-cn>
					<zh-tw>阻抗</zh-tw>
					<de-def><![CDATA[Impedanz]]></de-def>
					<fr-def><![CDATA[Impédance]]></fr-def>
					<it-def><![CDATA[Impedenza]]></it-def>
					<es-def><![CDATA[Impedancia]]></es-def>
					<ja-def>インピーダンス</ja-def>
				</name>
				<panel>No</panel>
			</index>
			<index id="0x010C">
				<name>
					<en-gb>Weight-FFM</en-gb>
					<zh-cn>去脂体重指数(FFM)</zh-cn>
					<zh-tw>除脂體重</zh-tw>
					<de-def><![CDATA[Gewicht – FFM]]></de-def>
					<fr-def><![CDATA[Poids-Masse maigre]]></fr-def>
					<it-def><![CDATA[Peso-FFM]]></it-def>
					<es-def><![CDATA[Peso-MLG]]></es-def>
					<ja-def>体重-FFM</ja-def>
				</name>
				<panel>No</panel>
			</index>
			<index id="0x010D">
				<name>
					<en-gb>Average (Weight)</en-gb>
					<zh-cn>平均(体重)</zh-cn>
					<zh-tw>平均 (體重)</zh-tw>
					<de-def><![CDATA[Durchschnitt (Gewicht)]]></de-def>
					<fr-def><![CDATA[Moyenne (Poids)]]></fr-def>
					<it-def><![CDATA[Media (peso)]]></it-def>
					<es-def><![CDATA[Media (Peso)]]></es-def>
					<ja-def>平均(体重)</ja-def>
				</name>
				<panel>No</panel>
			</index>
			<index id="0x010E">
				<name>
					<en-gb>Average (Weight-FFM)</en-gb>
					<zh-cn>平均(体重-FFM)</zh-cn>
					<zh-tw>平均 (除脂體重)</zh-tw>
					<de-def><![CDATA[Durchschnitt (Gewicht – FFM)]]></de-def>
					<fr-def><![CDATA[Moyenne (Poids-masse maigre)]]></fr-def>
					<it-def><![CDATA[Media (peso-FFM)]]></it-def>
					<es-def><![CDATA[Media (Peso-MLG)]]></es-def>
					<ja-def>平均(体重-FFM)</ja-def>
				</name>
				<panel>No</panel>
			</index>
			<index id="0x0201">
				<name>
					<en-gb>歩数</en-gb>
					<zh-cn>歩数</zh-cn>
					<zh-tw>歩数</zh-tw>
					<de-def><![CDATA[歩数]]></de-def>
					<fr-def><![CDATA[歩数]]></fr-def>
					<it-def><![CDATA[歩数]]></it-def>
					<es-def><![CDATA[歩数]]></es-def>
					<ja-def>歩数</ja-def>
				</name>
				<panel>Yes</panel>
			</index>
			<index id="0x0202">
				<name>
					<en-gb>しっかり歩数</en-gb>
					<zh-cn>しっかり歩数</zh-cn>
					<zh-tw>しっかり歩数</zh-tw>
					<de-def><![CDATA[しっかり歩数]]></de-def>
					<fr-def><![CDATA[しっかり歩数]]></fr-def>
					<it-def><![CDATA[しっかり歩数]]></it-def>
					<es-def><![CDATA[しっかり歩数]]></es-def>
					<ja-def>しっかり歩数</ja-def>
				</name>
				<panel>Yes</panel>
			</index>
			<index id="0x0203">
				<name>
					<en-gb>EX歩数</en-gb>
					<zh-cn>EX歩数</zh-cn>
					<zh-tw>EX歩数</zh-tw>
					<de-def><![CDATA[EX歩数]]></de-def>
					<fr-def><![CDATA[EX歩数]]></fr-def>
					<it-def><![CDATA[EX歩数]]></it-def>
					<es-def><![CDATA[EX歩数]]></es-def>
					<ja-def>EX歩数</ja-def>
				</name>
				<panel>No</panel>
			</index>
			<index id="0x0204">
				<name>
					<en-gb>早歩き歩数</en-gb>
					<zh-cn>早歩き歩数</zh-cn>
					<zh-tw>早歩き歩数</zh-tw>
					<de-def><![CDATA[早歩き歩数]]></de-def>
					<fr-def><![CDATA[早歩き歩数]]></fr-def>
					<it-def><![CDATA[早歩き歩数]]></it-def>
					<es-def><![CDATA[早歩き歩数]]></es-def>
					<ja-def>早歩き歩数</ja-def>
				</name>
				<panel>Yes</panel>
			</index>
			<index id="0x0205">
				<name>
					<en-gb>階段上り歩数</en-gb>
					<zh-cn>階段上り歩数</zh-cn>
					<zh-tw>階段上り歩数</zh-tw>
					<de-def><![CDATA[階段上り歩数]]></de-def>
					<fr-def><![CDATA[階段上り歩数]]></fr-def>
					<it-def><![CDATA[階段上り歩数]]></it-def>
					<es-def><![CDATA[階段上り歩数]]></es-def>
					<ja-def>階段上り歩数</ja-def>
				</name>
				<panel>No</panel>
			</index>
			<index id="0x0206">
				<name>
					<en-gb>階段上り歩数</en-gb>
					<zh-cn>階段上り歩数</zh-cn>
					<zh-tw>階段上り歩数</zh-tw>
					<de-def><![CDATA[階段上り歩数]]></de-def>
					<fr-def><![CDATA[階段上り歩数]]></fr-def>
					<it-def><![CDATA[階段上り歩数]]></it-def>
					<es-def><![CDATA[階段上り歩数]]></es-def>
					<ja-def>階段上り歩数</ja-def>
				</name>
				<panel>Yes</panel>
			</index>
			<index id="0x0221">
				<name>
					<en-gb>歩行カロリー</en-gb>
					<zh-cn>歩行カロリー</zh-cn>
					<zh-tw>歩行カロリー</zh-tw>
					<de-def><![CDATA[歩行カロリー]]></de-def>
					<fr-def><![CDATA[歩行カロリー]]></fr-def>
					<it-def><![CDATA[歩行カロリー]]></it-def>
					<es-def><![CDATA[歩行カロリー]]></es-def>
					<ja-def>歩行カロリー</ja-def>
				</name>
				<panel>Yes</panel>
			</index>
			<index id="0x0222">
				<name>
					<en-gb>活動カロリー</en-gb>
					<zh-cn>活動カロリー</zh-cn>
					<zh-tw>活動カロリー</zh-tw>
					<de-def><![CDATA[活動カロリー]]></de-def>
					<fr-def><![CDATA[活動カロリー]]></fr-def>
					<it-def><![CDATA[活動カロリー]]></it-def>
					<es-def><![CDATA[活動カロリー]]></es-def>
					<ja-def>活動カロリー</ja-def>
				</name>
				<panel>Yes</panel>
			</index>
			<index id="0x0223">
				<name>
					<en-gb>中高強度活動カロリー</en-gb>
					<zh-cn>中高強度活動カロリー</zh-cn>
					<zh-tw>中高強度活動カロリー</zh-tw>
					<de-def><![CDATA[中高強度活動カロリー]]></de-def>
					<fr-def><![CDATA[中高強度活動カロリー]]></fr-def>
					<it-def><![CDATA[中高強度活動カロリー]]></it-def>
					<es-def><![CDATA[中高強度活動カロリー]]></es-def>
					<ja-def>中高強度活動カロリー</ja-def>
				</name>
				<panel>No</panel>
			</index>
			<index id="0x0224">
				<name>
					<en-gb>総消費カロリー</en-gb>
					<zh-cn>総消費カロリー</zh-cn>
					<zh-tw>総消費カロリー</zh-tw>
					<de-def><![CDATA[総消費カロリー]]></de-def>
					<fr-def><![CDATA[総消費カロリー]]></fr-def>
					<it-def><![CDATA[総消費カロリー]]></it-def>
					<es-def><![CDATA[総消費カロリー]]></es-def>
					<ja-def>総消費カロリー</ja-def>
				</name>
				<panel>Yes</panel>
			</index>
			<index id="0x0225">
				<name>
					<en-gb>目標活動カロリー</en-gb>
					<zh-cn>目標活動カロリー</zh-cn>
					<zh-tw>目標活動カロリー</zh-tw>
					<de-def><![CDATA[目標活動カロリー]]></de-def>
					<fr-def><![CDATA[目標活動カロリー]]></fr-def>
					<it-def><![CDATA[目標活動カロリー]]></it-def>
					<es-def><![CDATA[目標活動カロリー]]></es-def>
					<ja-def>目標活動カロリー</ja-def>
				</name>
				<panel>No</panel>
			</index>
			<index id="0x0226">
				<name>
					<en-gb>歩行カロリー</en-gb>
					<zh-cn>歩行カロリー</zh-cn>
					<zh-tw>歩行カロリー</zh-tw>
					<de-def><![CDATA[歩行カロリー]]></de-def>
					<fr-def><![CDATA[歩行カロリー]]></fr-def>
					<it-def><![CDATA[歩行カロリー]]></it-def>
					<es-def><![CDATA[歩行カロリー]]></es-def>
					<ja-def>歩行カロリー</ja-def>
				</name>
				<panel>No</panel>
			</index>
			<index id="0x0240">
				<name>
					<en-gb>距離</en-gb>
					<zh-cn>距離</zh-cn>
					<zh-tw>距離</zh-tw>
					<de-def><![CDATA[距離]]></de-def>
					<fr-def><![CDATA[距離]]></fr-def>
					<it-def><![CDATA[距離]]></it-def>
					<es-def><![CDATA[距離]]></es-def>
					<ja-def>距離</ja-def>
				</name>
				<panel>Yes</panel>
			</index>
			<index id="0x0241">
				<name>
					<en-gb>装着フラグ</en-gb>
					<zh-cn>装着フラグ</zh-cn>
					<zh-tw>装着フラグ</zh-tw>
					<de-def><![CDATA[装着フラグ]]></de-def>
					<fr-def><![CDATA[装着フラグ]]></fr-def>
					<it-def><![CDATA[装着フラグ]]></it-def>
					<es-def><![CDATA[装着フラグ]]></es-def>
					<ja-def>装着フラグ</ja-def>
				</name>
				<panel>No</panel>
			</index>
			<index id="0x0242">
				<name>
					<en-gb>未記録フラグ</en-gb>
					<zh-cn>未記録フラグ</zh-cn>
					<zh-tw>未記録フラグ</zh-tw>
					<de-def><![CDATA[未記録フラグ]]></de-def>
					<fr-def><![CDATA[未記録フラグ]]></fr-def>
					<it-def><![CDATA[未記録フラグ]]></it-def>
					<es-def><![CDATA[未記録フラグ]]></es-def>
					<ja-def>未記録フラグ</ja-def>
				</name>
				<panel>No</panel>
			</index>
			<index id="0x0243">
				<name>
					<en-gb>脂肪燃焼量</en-gb>
					<zh-cn>脂肪燃焼量</zh-cn>
					<zh-tw>脂肪燃焼量</zh-tw>
					<de-def><![CDATA[脂肪燃焼量]]></de-def>
					<fr-def><![CDATA[脂肪燃焼量]]></fr-def>
					<it-def><![CDATA[脂肪燃焼量]]></it-def>
					<es-def><![CDATA[脂肪燃焼量]]></es-def>
					<ja-def>脂肪燃焼量</ja-def>
				</name>
				<panel>Yes</panel>
			</index>
			<index id="0x0244">
				<name>
					<en-gb>EX量</en-gb>
					<zh-cn>EX量</zh-cn>
					<zh-tw>EX量</zh-tw>
					<de-def><![CDATA[EX量]]></de-def>
					<fr-def><![CDATA[EX量]]></fr-def>
					<it-def><![CDATA[EX量]]></it-def>
					<es-def><![CDATA[EX量]]></es-def>
					<ja-def>EX量</ja-def>
				</name>
				<panel>No</panel>
			</index>
			<index id="0x0245">
				<name>
					<en-gb>EX量(歩行)</en-gb>
					<zh-cn>EX量(歩行)</zh-cn>
					<zh-tw>EX量(歩行)</zh-tw>
					<de-def><![CDATA[EX量(歩行)]]></de-def>
					<fr-def><![CDATA[EX量(歩行)]]></fr-def>
					<it-def><![CDATA[EX量(歩行)]]></it-def>
					<es-def><![CDATA[EX量(歩行)]]></es-def>
					<ja-def>EX量(歩行)</ja-def>
				</name>
				<panel>No</panel>
			</index>
			<index id="0x0246">
				<name>
					<en-gb>基礎代謝</en-gb>
					<zh-cn>基礎代謝</zh-cn>
					<zh-tw>基礎代謝</zh-tw>
					<de-def><![CDATA[基礎代謝]]></de-def>
					<fr-def><![CDATA[基礎代謝]]></fr-def>
					<it-def><![CDATA[基礎代謝]]></it-def>
					<es-def><![CDATA[基礎代謝]]></es-def>
					<ja-def>基礎代謝</ja-def>
				</name>
				<panel>No</panel>
			</index>
			<index id="0x0247">
				<name>
					<en-gb>活動時間(sedentary)</en-gb>
					<zh-cn>活動時間(sedentary)</zh-cn>
					<zh-tw>活動時間(sedentary)</zh-tw>
					<de-def><![CDATA[活動時間(sedentary)]]></de-def>
					<fr-def><![CDATA[活動時間(sedentary)]]></fr-def>
					<it-def><![CDATA[活動時間(sedentary)]]></it-def>
					<es-def><![CDATA[活動時間(sedentary)]]></es-def>
					<ja-def>活動時間(sedentary)</ja-def>
				</name>
				<panel>No</panel>
			</index>
			<index id="0x0248">
				<name>
					<en-gb>活動時間(低強度)</en-gb>
					<zh-cn>活動時間(低強度)</zh-cn>
					<zh-tw>活動時間(低強度)</zh-tw>
					<de-def><![CDATA[活動時間(低強度)]]></de-def>
					<fr-def><![CDATA[活動時間(低強度)]]></fr-def>
					<it-def><![CDATA[活動時間(低強度)]]></it-def>
					<es-def><![CDATA[活動時間(低強度)]]></es-def>
					<ja-def>活動時間(低強度)</ja-def>
				</name>
				<panel>No</panel>
			</index>
			<index id="0x0249">
				<name>
					<en-gb>活動時間(中強度)</en-gb>
					<zh-cn>活動時間(中強度)</zh-cn>
					<zh-tw>活動時間(中強度)</zh-tw>
					<de-def><![CDATA[活動時間(中強度)]]></de-def>
					<fr-def><![CDATA[活動時間(中強度)]]></fr-def>
					<it-def><![CDATA[活動時間(中強度)]]></it-def>
					<es-def><![CDATA[活動時間(中強度)]]></es-def>
					<ja-def>活動時間(中強度)</ja-def>
				</name>
				<panel>No</panel>
			</index>
			<index id="0x024A">
				<name>
					<en-gb>活動時間(高強度)</en-gb>
					<zh-cn>活動時間(高強度)</zh-cn>
					<zh-tw>活動時間(高強度)</zh-tw>
					<de-def><![CDATA[活動時間(高強度)]]></de-def>
					<fr-def><![CDATA[活動時間(高強度)]]></fr-def>
					<it-def><![CDATA[活動時間(高強度)]]></it-def>
					<es-def><![CDATA[活動時間(高強度)]]></es-def>
					<ja-def>活動時間(高強度)</ja-def>
				</name>
				<panel>No</panel>
			</index>
			<index id="0x024B">
				<name>
					<en-gb>運動強度</en-gb>
					<zh-cn>運動強度</zh-cn>
					<zh-tw>運動強度</zh-tw>
					<de-def><![CDATA[運動強度]]></de-def>
					<fr-def><![CDATA[運動強度]]></fr-def>
					<it-def><![CDATA[運動強度]]></it-def>
					<es-def><![CDATA[運動強度]]></es-def>
					<ja-def>運動強度</ja-def>
				</name>
				<panel>No</panel>
			</index>
			<index id="0x024C">
				<name>
					<en-gb>運動種別</en-gb>
					<zh-cn>運動種別</zh-cn>
					<zh-tw>運動種別</zh-tw>
					<de-def><![CDATA[運動種別]]></de-def>
					<fr-def><![CDATA[運動種別]]></fr-def>
					<it-def><![CDATA[運動種別]]></it-def>
					<es-def><![CDATA[運動種別]]></es-def>
					<ja-def>運動種別</ja-def>
				</name>
				<panel>No</panel>
			</index>
			<index id="0x024D">
				<name>
					<en-gb>基礎代謝種別</en-gb>
					<zh-cn>基礎代謝種別</zh-cn>
					<zh-tw>基礎代謝種別</zh-tw>
					<de-def><![CDATA[基礎代謝種別]]></de-def>
					<fr-def><![CDATA[基礎代謝種別]]></fr-def>
					<it-def><![CDATA[基礎代謝種別]]></it-def>
					<es-def><![CDATA[基礎代謝種別]]></es-def>
					<ja-def>基礎代謝種別</ja-def>
				</name>
				<panel>No</panel>
			</index>
			<index id="0x0401">
				<name>
					<en-gb>就床時刻</en-gb>
					<zh-cn>就床時刻</zh-cn>
					<zh-tw>就床時刻</zh-tw>
					<de-def><![CDATA[就床時刻]]></de-def>
					<fr-def><![CDATA[就床時刻]]></fr-def>
					<it-def><![CDATA[就床時刻]]></it-def>
					<es-def><![CDATA[就床時刻]]></es-def>
					<ja-def>就床時刻</ja-def>
				</name>
				<panel>No</panel>
			</index>
			<index id="0x0402">
				<name>
					<en-gb>入眠時刻</en-gb>
					<zh-cn>入眠時刻</zh-cn>
					<zh-tw>入眠時刻</zh-tw>
					<de-def><![CDATA[入眠時刻]]></de-def>
					<fr-def><![CDATA[入眠時刻]]></fr-def>
					<it-def><![CDATA[入眠時刻]]></it-def>
					<es-def><![CDATA[入眠時刻]]></es-def>
					<ja-def>入眠時刻</ja-def>
				</name>
				<panel>No</panel>
			</index>
			<index id="0x0403">
				<name>
					<en-gb>起床時刻</en-gb>
					<zh-cn>起床時刻</zh-cn>
					<zh-tw>起床時刻</zh-tw>
					<de-def><![CDATA[起床時刻]]></de-def>
					<fr-def><![CDATA[起床時刻]]></fr-def>
					<it-def><![CDATA[起床時刻]]></it-def>
					<es-def><![CDATA[起床時刻]]></es-def>
					<ja-def>起床時刻</ja-def>
				</name>
				<panel>No</panel>
			</index>
			<index id="0x0404">
				<name>
					<en-gb>睡眠時間</en-gb>
					<zh-cn>睡眠時間</zh-cn>
					<zh-tw>睡眠時間</zh-tw>
					<de-def><![CDATA[睡眠時間]]></de-def>
					<fr-def><![CDATA[睡眠時間]]></fr-def>
					<it-def><![CDATA[睡眠時間]]></it-def>
					<es-def><![CDATA[睡眠時間]]></es-def>
					<ja-def>睡眠時間</ja-def>
				</name>
				<panel>Yes</panel>
			</index>
			<index id="0x0405">
				<name>
					<en-gb>睡眠効率</en-gb>
					<zh-cn>睡眠効率</zh-cn>
					<zh-tw>睡眠効率</zh-tw>
					<de-def><![CDATA[睡眠効率]]></de-def>
					<fr-def><![CDATA[睡眠効率]]></fr-def>
					<it-def><![CDATA[睡眠効率]]></it-def>
					<es-def><![CDATA[睡眠効率]]></es-def>
					<ja-def>睡眠効率</ja-def>
				</name>
				<panel>Yes</panel>
			</index>
			<index id="0x0406">
				<name>
					<en-gb>覚醒</en-gb>
					<zh-cn>覚醒</zh-cn>
					<zh-tw>覚醒</zh-tw>
					<de-def><![CDATA[覚醒]]></de-def>
					<fr-def><![CDATA[覚醒]]></fr-def>
					<it-def><![CDATA[覚醒]]></it-def>
					<es-def><![CDATA[覚醒]]></es-def>
					<ja-def>覚醒</ja-def>
				</name>
				<panel>Yes</panel>
			</index>
			<index id="0x0407">
				<name>
					<en-gb>体動レベル</en-gb>
					<zh-cn>体動レベル</zh-cn>
					<zh-tw>体動レベル</zh-tw>
					<de-def><![CDATA[体動レベル]]></de-def>
					<fr-def><![CDATA[体動レベル]]></fr-def>
					<it-def><![CDATA[体動レベル]]></it-def>
					<es-def><![CDATA[体動レベル]]></es-def>
					<ja-def>体動レベル</ja-def>
				</name>
				<panel>No</panel>
			</index>
			<index id="0x0501">
				<name>
					<en-gb>基础体温</en-gb>
					<zh-cn>基础体温</zh-cn>
					<zh-tw>基础体温</zh-tw>
					<de-def><![CDATA[基础体温]]></de-def>
					<fr-def><![CDATA[基础体温]]></fr-def>
					<it-def><![CDATA[基础体温]]></it-def>
					<es-def><![CDATA[基础体温]]></es-def>
					<ja-def>基礎体温</ja-def>
				</name>
				<panel>No</panel>
			</index>
			<index id="0x0502">
				<name>
					<en-gb>基础体温</en-gb>
					<zh-cn>基础体温</zh-cn>
					<zh-tw>基础体温</zh-tw>
					<de-def><![CDATA[基础体温]]></de-def>
					<fr-def><![CDATA[基础体温]]></fr-def>
					<it-def><![CDATA[基础体温]]></it-def>
					<es-def><![CDATA[基础体温]]></es-def>
					<ja-def>基礎体温</ja-def>
				</name>
				<panel>No</panel>
			</index>
			<index id="0x0503">
				<name>
					<en-gb>基礎体温予測秒数</en-gb>
					<zh-cn>基礎体温予測秒数</zh-cn>
					<zh-tw>基礎体温予測秒数</zh-tw>
					<de-def><![CDATA[基礎体温予測秒数]]></de-def>
					<fr-def><![CDATA[基礎体温予測秒数]]></fr-def>
					<it-def><![CDATA[基礎体温予測秒数]]></it-def>
					<es-def><![CDATA[基礎体温予測秒数]]></es-def>
					<ja-def>基礎体温予測秒数</ja-def>
				</name>
				<panel>No</panel>
			</index>
			<index id="0x0901">
				<name>
					<en-gb>Blood Glucose</en-gb>
					<zh-cn>血糖</zh-cn>
					<zh-tw>血糖</zh-tw>
					<de-def><![CDATA[Blutzucker]]></de-def>
					<fr-def><![CDATA[Glycémie]]></fr-def>
					<it-def><![CDATA[Glicemia]]></it-def>
					<es-def><![CDATA[Glucosa en sangre]]></es-def>
					<ja-def>血糖</ja-def>
				</name>
				<panel>Yes</panel>
			</index>
			<index id="0x0902">
				<name>
					<en-gb>Meal</en-gb>
					<zh-cn>餐前/餐后</zh-cn>
					<zh-tw>餐食</zh-tw>
					<de-def><![CDATA[Mahlzeit]]></de-def>
					<fr-def><![CDATA[Repas]]></fr-def>
					<it-def><![CDATA[Pasto]]></it-def>
					<es-def><![CDATA[Comida]]></es-def>
					<ja-def>食事</ja-def>
				</name>
				<panel>No</panel>
			</index>
			<index id="0x0903">
				<name>
					<en-gb>Type</en-gb>
					<zh-cn>类型</zh-cn>
					<zh-tw>類型</zh-tw>
					<de-def><![CDATA[Typ]]></de-def>
					<fr-def><![CDATA[Type]]></fr-def>
					<it-def><![CDATA[Tipo]]></it-def>
					<es-def><![CDATA[Tipo]]></es-def>
					<ja-def>タイプ</ja-def>
				</name>
				<panel>No</panel>
			</index>
			<index id="0x0904">
				<name>
					<en-gb>Sample Location</en-gb>
					<zh-cn>Sample Location</zh-cn>
					<zh-tw>Sample Location</zh-tw>
					<de-def><![CDATA[Sample Location]]></de-def>
					<fr-def><![CDATA[Sample Location]]></fr-def>
					<it-def><![CDATA[Sample Location]]></it-def>
					<es-def><![CDATA[Sample Location]]></es-def>
					<ja-def>Sample Location</ja-def>
				</name>
				<panel>No</panel>
			</index>
			<index id="0x0905">
				<name>
					<en-gb>High-Low Detection</en-gb>
					<zh-cn>High-Low Detection</zh-cn>
					<zh-tw>High-Low Detection</zh-tw>
					<de-def><![CDATA[High-Low Detection]]></de-def>
					<fr-def><![CDATA[High-Low Detection]]></fr-def>
					<it-def><![CDATA[High-Low Detection]]></it-def>
					<es-def><![CDATA[High-Low Detection]]></es-def>
					<ja-def>High-Low Detection</ja-def>
				</name>
				<panel>No</panel>
			</index>
			<index id="0x0E01">
				<name>
					<en-gb>測定データフラグ_時刻補正フラグ</en-gb>
					<zh-cn>測定データフラグ_時刻補正フラグ</zh-cn>
					<zh-tw>測定データフラグ_時刻補正フラグ</zh-tw>
					<de-def><![CDATA[測定データフラグ_時刻補正フラグ]]></de-def>
					<fr-def><![CDATA[測定データフラグ_時刻補正フラグ]]></fr-def>
					<it-def><![CDATA[測定データフラグ_時刻補正フラグ]]></it-def>
					<es-def><![CDATA[測定データフラグ_時刻補正フラグ]]></es-def>
					<ja-def>測定データフラグ_時刻補正フラグ</ja-def>
				</name>
				<panel>No</panel>
			</index>
			<index id="0x0E02">
				<name>
					<en-gb>測定結果</en-gb>
					<zh-cn>測定結果</zh-cn>
					<zh-tw>測定結果</zh-tw>
					<de-def><![CDATA[測定結果]]></de-def>
					<fr-def><![CDATA[測定結果]]></fr-def>
					<it-def><![CDATA[測定結果]]></it-def>
					<es-def><![CDATA[測定結果]]></es-def>
					<ja-def>測定結果</ja-def>
				</name>
				<panel>No</panel>
			</index>
			<index id="0x0E03">
				<name>
					<en-gb>測定エラー情報_過大ノイズ</en-gb>
					<zh-cn>測定エラー情報_過大ノイズ</zh-cn>
					<zh-tw>測定エラー情報_過大ノイズ</zh-tw>
					<de-def><![CDATA[測定エラー情報_過大ノイズ]]></de-def>
					<fr-def><![CDATA[測定エラー情報_過大ノイズ]]></fr-def>
					<it-def><![CDATA[測定エラー情報_過大ノイズ]]></it-def>
					<es-def><![CDATA[測定エラー情報_過大ノイズ]]></es-def>
					<ja-def>測定エラー情報_過大ノイズ</ja-def>
				</name>
				<panel>No</panel>
			</index>
			<index id="0x0E04">
				<name>
					<en-gb>測定エラー情報_呼吸音レベル低下</en-gb>
					<zh-cn>測定エラー情報_呼吸音レベル低下</zh-cn>
					<zh-tw>測定エラー情報_呼吸音レベル低下</zh-tw>
					<de-def><![CDATA[測定エラー情報_呼吸音レベル低下]]></de-def>
					<fr-def><![CDATA[測定エラー情報_呼吸音レベル低下]]></fr-def>
					<it-def><![CDATA[測定エラー情報_呼吸音レベル低下]]></it-def>
					<es-def><![CDATA[測定エラー情報_呼吸音レベル低下]]></es-def>
					<ja-def>測定エラー情報_呼吸音レベル低下</ja-def>
				</name>
				<panel>No</panel>
			</index>
			<index id="0x0E05">
				<name>
					<en-gb>測定エラー情報_過大環境音</en-gb>
					<zh-cn>測定エラー情報_過大環境音</zh-cn>
					<zh-tw>測定エラー情報_過大環境音</zh-tw>
					<de-def><![CDATA[測定エラー情報_過大環境音]]></de-def>
					<fr-def><![CDATA[測定エラー情報_過大環境音]]></fr-def>
					<it-def><![CDATA[測定エラー情報_過大環境音]]></it-def>
					<es-def><![CDATA[測定エラー情報_過大環境音]]></es-def>
					<ja-def>測定エラー情報_過大環境音</ja-def>
				</name>
				<panel>No</panel>
			</index>
			<index id="0xF001">
				<name>
					<en-gb>records</en-gb>
					<zh-cn>イベント</zh-cn>
					<zh-tw>イベント</zh-tw>
					<de-def><![CDATA[イベント]]></de-def>
					<fr-def><![CDATA[イベント]]></fr-def>
					<it-def><![CDATA[イベント]]></it-def>
					<es-def><![CDATA[イベント]]></es-def>
					<ja-def>イベント</ja-def>
				</name>
				<panel>No</panel>
			</index>
			<index id="0xF002">
				<name>
					<en-gb>月经</en-gb>
					<zh-cn>月经</zh-cn>
					<zh-tw>月经</zh-tw>
					<de-def><![CDATA[月经]]></de-def>
					<fr-def><![CDATA[月经]]></fr-def>
					<it-def><![CDATA[月经]]></it-def>
					<es-def><![CDATA[月经]]></es-def>
					<ja-def>月経</ja-def>
				</name>
				<panel>Yes</panel>
			</index>
		</indexList>
	</data>
</body>
