<?xml version="1.0" encoding="UTF-8"?>
<body>
	<header>
		<lastUpdateDate>
			2019/05/20 00:00:00
		</lastUpdateDate>
		<fileVer>
			001_006_00000
		</fileVer>
	</header>

	<data>
		<categoryList>
			<category id="0x0000">
				<name>
					<en-gb>Blood Pressure Monitor</en-gb>
					<zh-cn>血压计</zh-cn>
					<zh-tw>血壓計</zh-tw>
					<de-def><![CDATA[Blutdruckmessgerät]]></de-def>
					<fr-def><![CDATA[Tensiomètre]]></fr-def>
					<it-def><![CDATA[Misuratore di pressione]]></it-def>
					<es-def><![CDATA[Monitor de presión arterial]]></es-def>
					<ja-def>血圧計</ja-def>
				</name>
			</category>
			<category id="0x0001">
				<name>
					<en-gb>Body Composition Monitor</en-gb>
					<zh-cn>身体脂肪仪</zh-cn>
					<zh-tw>體組成計</zh-tw>
					<de-def><![CDATA[Körperanalysegerät]]></de-def>
					<fr-def><![CDATA[Moniteur de composition corporelle]]></fr-def>
					<it-def><![CDATA[composizione corporea]]></it-def>
					<es-def><![CDATA[Monitor de composición corporal]]></es-def>
					<ja-def>体重体組成計</ja-def>
				</name>
			</category>
			<category id="0x0002">
				<name>
					<en-gb>Activity Monitor</en-gb>
					<zh-cn>计步器</zh-cn>
					<zh-tw>計步器</zh-tw>
					<de-def><![CDATA[Aktivitätsmonitor]]></de-def>
					<fr-def><![CDATA[Moniteur d'activité]]></fr-def>
					<it-def><![CDATA[Monitoraggio attività]]></it-def>
					<es-def><![CDATA[Control de la actividad]]></es-def>
					<ja-def>活動量計</ja-def>
				</name>
			</category>
			<category id="0x0004">
				<name>
					<en-gb>睡眠</en-gb>
					<zh-cn>睡眠</zh-cn>
					<zh-tw>睡眠</zh-tw>
					<de-def><![CDATA[睡眠]]></de-def>
					<fr-def><![CDATA[睡眠]]></fr-def>
					<it-def><![CDATA[睡眠]]></it-def>
					<es-def><![CDATA[睡眠]]></es-def>
					<ja-def>睡眠</ja-def>
				</name>
			</category>
			<category id="0x0005">
				<name>
					<en-gb>Basal thermometer</en-gb>
					<zh-cn>女性体温计</zh-cn>
					<zh-tw>基礎體溫計</zh-tw>
					<de-def><![CDATA[Basalthermometer]]></de-def>
					<fr-def><![CDATA[thermomètre basal]]></fr-def>
					<it-def><![CDATA[termometro basale]]></it-def>
					<es-def><![CDATA[termómetro basal]]></es-def>
					<ja-def>婦人用体温計</ja-def>
				</name>
			</category>
			<category id="0x0009">
				<name>
					<en-gb>Blood Glucose Monitor</en-gb>
					<zh-cn>血糖仪</zh-cn>
					<zh-tw>血糖機</zh-tw>
					<de-def><![CDATA[Blutzuckermessgerät]]></de-def>
					<fr-def><![CDATA[Glucomètre]]></fr-def>
					<it-def><![CDATA[Glucometro]]></it-def>
					<es-def><![CDATA[Monitor de glucosa en sangre]]></es-def>
					<ja-def>血糖計</ja-def>
				</name>
			</category>
			<category id="0x000E">
				<name>
					<en-gb>喘鳴測定器</en-gb>
					<zh-cn>喘鳴測定器</zh-cn>
					<zh-tw>喘鳴測定器</zh-tw>
					<de-def><![CDATA[喘鳴測定器]]></de-def>
					<fr-def><![CDATA[喘鳴測定器]]></fr-def>
					<it-def><![CDATA[喘鳴測定器]]></it-def>
					<es-def><![CDATA[喘鳴測定器]]></es-def>
					<ja-def>喘鳴測定器</ja-def>
				</name>
			</category>
		</categoryList>
	</data>
</body>
