<?xml version="1.0" encoding="UTF-8"?>
<body>
	<header>
		<lastUpdateDate>
			2019/05/20 00:00:00
		</lastUpdateDate>
		<fileVer>
			001_006_00000
		</fileVer>
	</header>

	<data>
		<unitList>
			<unit id="0x0000">
				<unitName>Nothing</unitName>
			</unit>
			<unit id="0x1002">
				<unitName>cm</unitName>
			</unit>
			<unit id="0x1003">
				<unitName>km</unitName>
			</unit>
			<unit id="0x1010">
				<unitName>mile</unitName>
			</unit>
			<unit id="0x1030">
				<unitName>inch</unitName>
			</unit>
			<unit id="0x1040">
				<unitName>ft-inch</unitName>
			</unit>
			<unit id="0x2000">
				<unitName>g</unitName>
			</unit>
			<unit id="0x2003">
				<unitName>kg</unitName>
			</unit>
			<unit id="0x2010">
				<unitName>lbs</unitName>
			</unit>
			<unit id="0x2020">
				<unitName>st</unitName>
			</unit>
			<unit id="0x3000">
				<unitName>℃</unitName>
			</unit>
			<unit id="0x3010">
				<unitName>℉</unitName>
			</unit>
			<unit id="0x4003">
				<unitName>kcal</unitName>
			</unit>
			<unit id="0x5003">
				<unitName>kPa</unitName>
			</unit>
			<unit id="0x5010">
				<unitName>mmHg</unitName>
			</unit>
			<unit id="0x6001">
				<unitName>mg/dL</unitName>
			</unit>
			<unit id="0x6011">
				<unitName>mmol/L</unitName>
			</unit>
			<unit id="0x6023">
				<unitName>kg/L</unitName>
			</unit>
			<unit id="0xF030">
				<unitName>Nothing</unitName>
			</unit>
			<unit id="0xF040">
				<unitName>Nothing</unitName>
			</unit>
			<unit id="0xF050">
				<unitName>Nothing</unitName>
			</unit>
			<unit id="0xF060">
				<unitName>Nothing</unitName>
			</unit>
			<unit id="0xF070">
				<unitName>Nothing</unitName>
			</unit>
			<unit id="0xF080">
				<unitName>Nothing</unitName>
			</unit>
			<unit id="0xF090">
				<unitName>%</unitName>
			</unit>
			<unit id="0xF0A0">
				<unitName>bpm</unitName>
			</unit>
			<unit id="0xF0C0">
				<unitName>EX</unitName>
			</unit>
			<unit id="0xF0D0">
				<unitName>MET's</unitName>
			</unit>
		</unitList>
	</data>
</body>
