<?xml version="1.0" encoding="UTF-8"?>
<body>
    <header>
        <lastUpdateDate>
            2018/04/24 00:00:00
        </lastUpdateDate>
        <fileVer>
            001_003_00001
        </fileVer>
    </header>
    
    <data>
        <devices>
            <device id="004">
                <modelName>HEM-7280T</modelName>
                <modelDisplayName>HEM-7280T</modelDisplayName>
                <modelSeries>HEM-7280T</modelSeries>
                <noOfUsers>2</noOfUsers>
                <category>0x0000</category>
                <deviceGroupIDKey>0x0000</deviceGroupIDKey>
                <deviceGroupIncludedGroupIDKey>0x0413</deviceGroupIncludedGroupIDKey>
                <identifier>HEM-7280T-AP</identifier>
                <deviceProtocol>OMRONWLPProtocol</deviceProtocol>
                <image>OmronConnectivityLibraryAssets.bundle/mit5.png</image>
                <thumbnail>OmronConnectivityLibraryAssets.bundle/mit5_thumbnail.png</thumbnail>
            </device>
            <device id="025">
                <modelName>HEM-7600T</modelName>
                <modelDisplayName>HEM-7600T</modelDisplayName>
                <modelSeries>HEM-7600T</modelSeries>
                <noOfUsers>1</noOfUsers>
                <category>0x0000</category>
                <deviceGroupIDKey>0x0000</deviceGroupIDKey>
                <deviceGroupIncludedGroupIDKey>0x001F</deviceGroupIncludedGroupIDKey>
                <identifier>HEM-7600T-AP3</identifier>
                <deviceProtocol>OMRONWLPProtocol</deviceProtocol>
                <image>OmronConnectivityLibraryAssets.bundle/evolv.png</image>
                <thumbnail>OmronConnectivityLibraryAssets.bundle/evolv_thumbnail.png</thumbnail>
            </device>
            <device id="047">
                <modelName>HEM-6232T</modelName>
                <modelDisplayName>HEM-6232T</modelDisplayName>
                <modelSeries>HEM-6232T</modelSeries>
                <noOfUsers>2</noOfUsers>
                <category>0x0000</category>
                <deviceGroupIDKey>0x0000</deviceGroupIDKey>
                <deviceGroupIncludedGroupIDKey>0x0044</deviceGroupIncludedGroupIDKey>
                <identifier>HEM-6232T-AP</identifier>
                <deviceProtocol>OMRONWLPProtocol</deviceProtocol>
                <image>OmronConnectivityLibraryAssets.bundle/rs7.png</image>
                <thumbnail>OmronConnectivityLibraryAssets.bundle/rs7_thumbnail.png</thumbnail>
            </device>
            <device id="068">
                <modelName>HBF-222T</modelName>
                <modelDisplayName>HBF-222T</modelDisplayName>
                <modelSeries>HBF-222T</modelSeries>
                <noOfUsers>4</noOfUsers>
                <category>0x0001</category>
                <deviceGroupIDKey>0x0001</deviceGroupIDKey>
                <deviceGroupIncludedGroupIDKey>0x0408</deviceGroupIncludedGroupIDKey>
                <identifier>HBF-222T-AP</identifier>
                <deviceProtocol>OMRONWLPProtocol</deviceProtocol>
                <image>OmronConnectivityLibraryAssets.bundle/hbf222.png</image>
                <thumbnail>OmronConnectivityLibraryAssets.bundle/hbf222_thumbnail.png</thumbnail>
            </device>
            <device id="102">
                <modelName>HEM-7361T</modelName>
                <modelDisplayName>HEM-7361T</modelDisplayName>
                <modelSeries>HEM-7361T</modelSeries>
                <noOfUsers>2</noOfUsers>
                <category>0x0000</category>
                <deviceGroupIDKey>0x0000</deviceGroupIDKey>
                <deviceGroupIncludedGroupIDKey>0x0458</deviceGroupIncludedGroupIDKey>
                <identifier>HEM-7361T-AP</identifier>
                <deviceProtocol>OMRONWLPProtocol</deviceProtocol>
                <image>OmronConnectivityLibraryAssets.bundle/m7ebk.png</image>
                <thumbnail>OmronConnectivityLibraryAssets.bundle/m7ebk_thumbnail.png</thumbnail>
            </device>
            <device id="108">
                <modelName>HeartGuide</modelName>
                <modelDisplayName>HeartGuide</modelDisplayName>
                <modelSeries>HeartGuide</modelSeries>
                <noOfUsers>1</noOfUsers>
                <category>0x0002</category>
                <deviceGroupIDKey>0x0000</deviceGroupIDKey>
                <deviceGroupIncludedGroupIDKey>0x0250</deviceGroupIncludedGroupIDKey>
                <identifier>HEM-6411T-MAE</identifier>
                <deviceProtocol>OMRONWLPProtocol</deviceProtocol>
                <image>OmronConnectivityLibraryAssets.bundle/bp8000.png</image>
                <thumbnail>OmronConnectivityLibraryAssets.bundle/bp8000_thumbnail.png</thumbnail>
            </device>
        </devices>
    </data>
</body>
